{
    "Logistic Regression": {
        "Accuracy": 0.9333333333333333,
        "Precision": 0.9333333333333333,
        "Recall": 0.9333333333333333,
        "F1-Score": 0.9333333333333333
    },
    "K-Nearest Neighbors": {
        "Accuracy": 0.9333333333333333,
        "Precision": 0.9444444444444445,
        "Recall": 0.9333333333333333,
        "F1-Score": 0.9326599326599326
    },
    "Decision Tree": {
        "Accuracy": 0.9333333333333333,
        "Precision": 0.9333333333333333,
        "Recall": 0.9333333333333333,
        "F1-Score": 0.9333333333333333
    },
    "Random Forest": {
        "Accuracy": 0.9,
        "Precision": 0.9023569023569024,
        "Recall": 0.9,
        "F1-Score": 0.8997493734335839
    },
    "Support Vector Machine": {
        "Accuracy": 0.9666666666666667,
        "Precision": 0.9696969696969696,
        "Recall": 0.9666666666666667,
        "F1-Score": 0.9665831244778613
    }
}